Metric,Baseline AE,Quantized AE
Accuracy,0.9884620055868183,0.9884620055868183
Precision,0.9944741600596841,0.9944866655707439
Recall,0.9911404050460624,0.9911278024927851
F1-Score,0.9928044839426379,0.992804393107366
ROC-AUC,0.9982419609839784,0.9982202467620094
Model Size (KB),665.5849609375,66.625
Inference Time (ms/sample),0.10694993995130062,0.00536634000018239
